id,title,context,question,answer
1,brainstorming,Wanting to increase strength as a teenage girl.,"As a teenage girl looking to get stronger, what are some fitness tips to increase my strength?","To build strength, incorporate resistance training into your routine. Focus on exercises like bench press, shoulder press, and pull-ups. Gradually increase the weight and intensity as you progress."
2,brainstorming,Seeking effective weight loss strategies to get fit.,I want to lose weight and get fit. What are some effective weight loss strategies?,"To lose weight, combine a balanced diet with regular exercise. Incorporate cardio workouts like running or cycling and add strength training to build muscle and boost metabolism."
3,brainstorming,Wondering about warm-up exercises to do before a workout.,What are some essential warm-up exercises I should do before my workout?,"Before your workout, perform dynamic stretches like leg swings, arm circles, and lunges. This helps increase blood flow, improves flexibility, and reduces the risk of injury."
4,brainstorming,Just starting out as a beginner and looking for a sustainable fitness routine.,"As a beginner, how can I start a fitness routine that I can stick to?","Start with a simple workout plan that includes activities you enjoy, like swimming, dancing, or walking. Gradually increase the intensity and duration as your fitness level improves."
5,brainstorming,Curious about healthy post-workout snacks.,What are some healthy snacks I can eat after my workout?,"Opt for post-workout snacks that combine protein and carbohydrates, such as a protein shake, yogurt with fruits, or a turkey sandwich on whole-grain bread."
6,brainstorming,Looking for ways to reduce muscle soreness after exercising.,I often feel sore after exercising. What can I do to reduce muscle soreness?,"To reduce muscle soreness, make sure to stretch after your workout and consider using foam rollers for self-myofascial release. Additionally, getting enough rest and staying hydrated can help with recovery."
7,brainstorming,Seeking effective methods to improve cardiovascular endurance.,What are some effective ways to improve my cardiovascular endurance?,"To improve cardiovascular endurance, engage in activities like running, cycling, or swimming regularly. Aim to gradually increase the duration and intensity of your workouts."
8,brainstorming,In need of quick and effective workout options due to limited time.,I have limited time for exercise. What are some quick but effective workouts I can do?,"High-Intensity Interval Training (HIIT) workouts are excellent for time efficiency. They involve short bursts of intense exercise followed by brief rest periods, making them highly effective in a short amount of time."
9,brainstorming,Struggling to stay motivated for regular workouts.,How can I stay motivated to work out regularly?,"Set achievable goals, track your progress, and find a workout buddy or join fitness classes to stay motivated. Reward yourself for reaching milestones and remind yourself of the benefits of regular exercise."
10,brainstorming,Looking to enhance flexibility through exercises.,I want to improve my flexibility. What are some good flexibility exercises?,"Include exercises like yoga, Pilates, and static stretching in your routine to improve flexibility. Stretch major muscle groups and hold each stretch for at least 20-30 seconds."
11,brainstorming,Wondering about pre-workout nutrition for sufficient energy.,What should I eat before a workout to have enough energy for exercising?,"Consume a balanced meal containing carbohydrates and protein about 1-2 hours before your workout. This could be a chicken sandwich, brown rice with vegetables, or a banana with peanut butter."
12,brainstorming,Struggling to find time for fitness due to a busy professional life.,I am a busy professional. How can I incorporate fitness into my daily routine?,"Find creative ways to add exercise to your day, such as taking short walks during breaks, using stairs instead of elevators, or doing bodyweight exercises at home."
13,brainstorming,Seeking tips to avoid exercise-related injuries.,What are some tips to prevent exercise-related injuries?,"Always warm up before exercising, use proper form during workouts, and avoid overtraining. Listen to your body and give it time to recover between intense sessions."
14,brainstorming,Curious about the benefits of strength training for women.,What are the benefits of strength training for women?,"Strength training helps increase bone density, improve metabolism, and boost overall strength. It also enhances functional fitness and can contribute to a toned physique."
15,brainstorming,Looking to improve posture through exercises.,How can I improve my posture through exercise?,"Incorporate exercises that target your core and back muscles, like planks, bird-dogs, and rows. Practicing yoga can also help improve posture and alignment."
16,brainstorming,Seeking healthy hydration options during workouts.,What are some healthy options to stay hydrated during workouts?,"Water is the best option to stay hydrated during workouts. If your workout is intense and lasts longer than an hour, consider a sports drink with electrolytes."
17,brainstorming,Considering running a marathon and need guidance on training.,I'm interested in running a marathon. How should I train for it?,Start with a structured marathon training plan that gradually increases your mileage over several months. Focus on building endurance through long runs and cross-training for strength and flexibility.
18,brainstorming,Experiencing workout burnout and seeking ways to stay consistent.,How can I prevent workout burnout and stay consistent?,"Vary your workouts to keep them interesting, take rest days, and listen to your body. Avoid pushing yourself too hard, too fast, and remember that consistency is more important than occasional intensity."
19,brainstorming,Looking for safety tips for outdoor exercise.,What are some tips for staying safe while exercising outdoors?,"Always wear appropriate gear and footwear, apply sunscreen, and stay hydrated. If exercising at night, wear reflective clothing and stick to well-lit areas."
20,brainstorming,Interested in exercises to tone the abdominal muscles.,What are the best exercises to tone my abs?,"Effective ab exercises include crunches, planks, bicycle crunches, and leg raises. Incorporate these into your routine, but also remember that overall body fat reduction is essential for visible abs."
21,brainstorming,Injured and looking for safe exercises during recovery.,I'm recovering from an injury. What are some safe exercises I can do during this time?,"Focus on low-impact exercises like swimming, stationary cycling, or gentle yoga to aid in recovery without putting too much strain on the injured area."
22,brainstorming,Seeking post-workout nutrition for muscle recovery.,What should I eat after an intense workout to promote muscle recovery?,"After an intense workout, consume a meal rich in protein and carbohydrates to replenish energy stores and support muscle repair. Examples include a chicken and quinoa bowl or a protein-rich smoothie with fruits."
23,brainstorming,Looking to enhance balance and stability through exercises.,What are some ways to improve my balance and stability?,"Incorporate exercises like single-leg balances, stability ball exercises, and yoga poses that challenge your balance and engage core muscles."
24,general_qa,Seeking muscle-building exercises as a 15-year-old male weighing 60 kg.,"I am a 15-year-old male weighing 60 kg, and I want to bulk up. What are some of the best exercises to build muscle?","For muscle building, focus on compound exercises like squats, deadlifts, bench press, and pull-ups. These exercises target multiple muscle groups and stimulate overall muscle growth."
25,general_qa,Interested in effective exercises to increase strength as a teenage girl.,"As a teenage girl looking to get stronger, what are the most effective exercises to increase my strength?","To build strength, incorporate exercises like push-ups, shoulder press, bent-over rows, and weighted lunges. These exercises engage major muscle groups and promote strength gains."
26,general_qa,Seeking effective exercises for a weight loss workout routine.,What are the best exercises to include in a weight loss workout routine?,"For weight loss, combine cardiovascular exercises like running, cycling, and jump rope with strength training exercises like squats, lunges, and kettlebell swings to burn calories and boost metabolism."
27,general_qa,Looking to target core strength through exercises.,I want to focus on core strength. What are some great exercises to target my core?,"To strengthen your core, include exercises like planks, Russian twists, bicycle crunches, and leg raises. These exercises engage your abdominal muscles and improve core stability."
28,general_qa,Interested in exercises to tone the arm muscles.,What are some effective exercises to tone my arms?,"To tone your arms, incorporate exercises like bicep curls, tricep dips, push-ups, and overhead presses. These exercises target the arm muscles and help define them."
29,general_qa,Looking for exercises to improve posture and alignment.,I am interested in improving my posture. What are some exercises to help with that?,"To improve posture, include exercises like rows, reverse flyes, and chin tucks. Additionally, yoga and Pilates can help strengthen the core and promote better alignment."
30,general_qa,Seeking exercises to build leg strength and size.,What are the best exercises for building leg strength and size?,"For building leg strength and size, focus on exercises like squats, lunges, deadlifts, leg press, and calf raises. These exercises target the major muscles in your legs."
31,general_qa,Looking for effective exercises to work on back muscles.,I want to work on my back muscles. What are some effective back exercises?,"To work on your back muscles, incorporate exercises like pull-ups, bent-over rows, lat pulldowns, and Superman holds. These exercises target different areas of your back."
32,general_qa,Interested in exercises to improve flexibility.,What are some of the best exercises to improve flexibility?,"To improve flexibility, practice yoga, and include dynamic stretches like leg swings, arm circles, and hip circles. Static stretches for major muscle groups are also beneficial."
33,general_qa,Seeking glute activation exercises.,I am looking to target my glutes. What exercises are best for glute activation?,"To target your glutes, include exercises like squats, lunges, glute bridges, and step-ups. These exercises engage and activate the glute muscles."
34,general_qa,Interested in full-body exercises for a comprehensive workout.,What are some effective full-body exercises that provide a great workout?,"Full-body exercises like burpees, mountain climbers, kettlebell swings, and rowing provide an excellent workout that engages multiple muscle groups simultaneously."
35,general_qa,Looking to start resistance training and need beginner-friendly exercises.,I want to start resistance training. What are the best exercises to begin with?,"For beginners, start with exercises like bodyweight squats, push-ups, dumbbell rows, and assisted pull-ups. These exercises help establish a foundation for more advanced training."
36,general_qa,Looking for equipment-free exercises to improve cardiovascular fitness.,What are some good exercises to improve cardiovascular fitness without equipment?,"Burpees, jumping jacks, high knees, and mountain climbers are excellent bodyweight exercises that can improve cardiovascular fitness without the need for equipment."
37,general_qa,Looking to start calisthenics as a beginner.,I'm interested in trying calisthenics. Where should I begin as a beginner?,"As a beginner, focus on fundamental calisthenics exercises like push-ups, pull-ups, dips, squats, and leg raises. Mastering these basics will set you up for more advanced movements."
38,general_qa,Seeking low-impact exercises to protect the joints.,What are some low-impact exercises that are easy on the joints?,"Low-impact exercises like swimming, cycling, elliptical training, and yoga are gentle on the joints while still providing a good workout."
39,general_qa,Looking to include stretching in daily routine.,How can I incorporate stretching into my daily routine?,"Set aside dedicated time for stretching exercises, either in the morning or before bedtime. You can also stretch after workouts to aid in muscle recovery."
40,general_qa,Seeking exercises to improve vertical jump and leap.,I want to improve my vertical jump. What exercises can help increase my vertical leap?,"To improve your vertical jump, include exercises like box jumps, depth jumps, squat jumps, and calf raises. Plyometric exercises can help increase explosive power."
41,general_qa,Looking for exercises to relieve lower back pain.,What are some effective exercises for relieving lower back pain?,"Exercises like cat-cow stretch, pelvic tilts, bird-dogs, and child's pose can help relieve lower back pain. Strengthening the core and back muscles is also beneficial."
42,general_qa,Looking for tips to maximize gym workout.,How can I make the most out of my gym workout?,"Set clear workout goals, follow a structured plan, challenge yourself with progressive overload, and focus on proper form. Don't forget to warm up and cool down properly."
43,general_qa,Looking for bodyweight exercises to build strength.,I'm interested in bodyweight training. What are the best exercises to build strength?,"Bodyweight exercises like push-ups, pull-ups, planks, dips, and pistol squats are effective for building strength without the need for equipment."
44,general_qa,Interested in exercises to target chest muscles.,What are some effective exercises to target my chest muscles?,"To target your chest muscles, include exercises like bench press, push-ups, chest flyes, and dumbbell press. These exercises engage the pectoral muscles effectively."
45,general_qa,Looking for fun and engaging group exercises.,What are some fun and engaging exercises to do with a group of friends?,"Consider activities like group fitness classes, team sports, partner workouts, or even outdoor activities like hiking or cycling with friends."
46,general_qa,Interested in exercises to tone the inner thigh muscles.,What are some effective exercises for toning the inner thighs?,"To tone the inner thighs, include exercises like side lunges, sumo squats, inner thigh lifts, and seated leg circles. These exercises target the adductor muscles of the inner thighs."
47,general_qa,Looking to start yoga and need beginner-friendly poses.,I want to start doing yoga. What are some beginner-friendly poses to begin with?,"As a beginner, start with poses like mountain pose, downward-facing dog, warrior 2, child's pose, and cobra pose. These poses help build flexibility and strength."
48,general_qa,Interested in exercises to target and strengthen the shoulders.,What are some effective exercises to target the shoulders and build strength?,"To target the shoulders, include exercises like shoulder press, lateral raises, front raises, and upright rows. These exercises engage the deltoid muscles and promote shoulder strength."
49,general_qa,Looking to improve balance and coordination through exercises.,I want to work on my balance and coordination. What exercises can help with that?,"Incorporate exercises like single-leg balance, Bosu ball exercises, ladder drills, and agility ladder exercises to challenge and improve your balance and coordination."
50,general_qa,Interested in exercises to target the triceps and tone the arms.,What are some effective exercises to target the triceps and get rid of bat wings?,"To target the triceps, include exercises like tricep dips, tricep pushdowns, close-grip push-ups, and overhead tricep extensions. These exercises can help tone the arms and reduce the appearance of bat wings."
51,general_qa,Seeking effective exercises using resistance bands.,I'm looking for exercises to do with resistance bands. What are some effective ones?,"Exercises like banded squats, banded lateral walks, banded glute bridges, and banded shoulder presses are effective when using resistance bands."
52,general_qa,Looking to improve grip strength.,What are some tips for improving grip strength?,"Incorporate exercises like farmer's walks, dead hangs, grip squeezes, and kettlebell exercises to strengthen your grip."
53,general_qa,Interested in exercises to target the biceps.,I want to work on my biceps. What are some effective bicep exercises?,"To target the biceps, include exercises like bicep curls, hammer curls, chin-ups, and preacher curls. These exercises engage the bicep muscles effectively."
54,general_qa,Looking to improve hip mobility through exercises.,What are some good exercises to improve hip mobility?,"Incorporate exercises like hip circles, hip flexor stretches, lateral leg raises, and deep squats to improve hip mobility and flexibility."
55,general_qa,Looking to increase workout intensity without extending duration.,How can I add more intensity to my workouts without increasing the duration?,"Incorporate interval training, increase resistance or weight in strength exercises, shorten rest periods, and perform explosive movements to add intensity to your workouts."
56,general_qa,Seeking desk exercises to combat prolonged sitting.,What are some exercises I can do at my desk to avoid sitting for too long?,"Desk exercises like seated leg raises, chair squats, desk push-ups, and shoulder rolls can help keep you active and combat the negative effects of prolonged sitting."
57,general_qa,Interested in exercises to strengthen the core muscles.,What are some effective exercises to strengthen the core?,"To strengthen the core, include exercises like plank variations, Russian twists, bicycle crunches, and hanging leg raises. These exercises target the abdominal and oblique muscles."
58,general_qa,Seeking exercises to target the hamstrings.,What are some effective exercises to target the hamstrings?,"To target the hamstrings, include exercises like deadlifts, hamstring curls, glute-ham raises, and Romanian deadlifts. These exercises engage and strengthen the hamstrings effectively."
59,general_qa,Looking to ensure proper form during exercises.,How can I make sure I'm doing exercises with the correct form?,"Seek guidance from a certified fitness trainer, use mirrors to check your form, and start with lighter weights to practice proper technique before progressing to heavier loads."
60,general_qa,Interested in exercises to target the quadriceps.,What are some effective exercises to target the quadriceps?,"To target the quadriceps, include exercises like squats, lunges, leg extensions, and step-ups. These exercises engage and strengthen the quadriceps muscles effectively."
61,general_qa,Looking to start Pilates and need beginner-friendly exercises.,I'm interested in trying Pilates. What are some beginner-friendly exercises to start with?,"As a beginner, start with exercises like the hundred, roll-up, single-leg circles, and pelvic curls. These foundational Pilates exercises help build core strength and flexibility."
62,general_qa,Seeking pregnancy-safe exercises to stay active.,What are some exercises to do during pregnancy to stay active and healthy?,"Pregnancy-safe exercises include walking, swimming, prenatal yoga, and modified strength training exercises. Always consult with a healthcare professional before starting any exercise during pregnancy."
63,general_qa,Interested in exercises to target and tone the glute muscles.,What are some effective exercises to target the glutes and get a rounder butt?,"To target the glutes and get a rounder butt, include exercises like hip thrusts, Bulgarian split squats, glute bridges, and donkey kicks. These exercises engage and activate the glute muscles."
64,general_qa,Looking to improve lateral stability through exercises.,What are some exercises to improve lateral stability?,"Incorporate exercises like lateral lunges, side plank variations, lateral band walks, and lateral step-ups to improve lateral stability and strength."
65,general_qa,Looking for effective home workout exercises with minimal equipment.,I want to start a home workout routine. What are some effective exercises that require minimal equipment?,"Bodyweight exercises like push-ups, squats, lunges, planks, and burpees are effective for home workouts that require minimal equipment."
66,general_qa,Interested in exercises to target the upper back and improve posture.,What are some effective exercises to target the upper back and improve posture?,"To target the upper back and improve posture, include exercises like seated rows, band pull-aparts, YTW raises, and thoracic extensions. These exercises engage the muscles in the upper back."
67,general_qa,Looking to strengthen wrists through exercises.,What are some exercises I can do to strengthen my wrists?,"Wrist exercises like wrist curls, wrist extensions, and forearm planks can help strengthen the wrists and improve grip strength."
68,general_qa,Seeking exercises to target the calf muscles.,What are some effective exercises to target the calves?,"To target the calves, include exercises like calf raises, box jumps, skipping, and stair climbing. These exercises effectively engage and strengthen the calf muscles."
69,general_qa,Looking for compound exercises to build overall body strength.,I want to build overall body strength. What are some compound exercises that target multiple muscle groups?,"Compound exercises like deadlifts, squats, bench press, overhead press, and pull-ups target multiple muscle groups and are excellent for building overall body strength."
70,general_qa,Seeking effective exercises using a stability ball.,What are some effective exercises to do with a stability ball?,"Exercises like stability ball crunches, hamstring curls, glute bridges, and push-ups can be performed using a stability ball for added challenge and stability training."
71,general_qa,Interested in exercises to target the hip flexor muscles.,What are some exercises to target the hip flexors?,"To target the hip flexors, include exercises like lunges, knee lifts, leg swings, and bicycle crunches. Stretching the hip flexors is also beneficial."
72,general_qa,Seeking effective exercises using dumbbells.,I'm looking for exercises to do with dumbbells. What are some effective ones?,"Dumbbell exercises like bicep curls, shoulder press, bent-over rows, and goblet squats are effective for targeting various muscle groups."
73,general_qa,Looking to strengthen the rotator cuff muscles.,What are some good exercises to strengthen the rotator cuff?,"Exercises like external rotations, internal rotations, scaption raises, and wall slides can help strengthen the rotator cuff muscles and improve shoulder stability."
